age,fnlwgt,capital-gain,capital-loss,hours-per-week,education-num,workclass,education,marital-status,occupation,relationship,race,sex,native-country,class
20.4261801,101375.6301,4172.56759,765.417854,39.174578,11.7301197, Local-gov, 1st-4th, Married-civ-spouse, Craft-repair, Husband, Asian-Pac-Islander, Female, France,50K-
72.1635529,241027.0045,5737.567247,221.558675,19.839119,10.4032177, Without-pay, 5th-6th, Never-married, Farming-fishing, Unmarried, Amer-Indian-Eskimo, Male, Canada,50K-
27.2506076,48566.9679,7370.932661,147.744212,19.225469,8.5708318, Self-emp-not-inc, 5th-6th, Widowed, Adm-clerical, Unmarried, Asian-Pac-Islander, Female, Philippines,50K-
69.6122544,485119.1121,13651.949104,340.044597,36.627746,10.2276376, ?, 5th-6th, Married-AF-spouse, Handlers-cleaners, Own-child, Asian-Pac-Islander, Male, Mexico,50K-
1.4465684,3154.7483,17653.450262,645.803632,19.261878,12.0061853, Private, HS-grad, Never-married, Transport-moving, Husband, Asian-Pac-Islander, Male, China,50K-
49.7369709,22554.1384,20757.356937,803.261277,49.981767,12.1348576, State-gov, Prof-school, Never-married, ?, Unmarried, Amer-Indian-Eskimo, Male, India,50K-
64.6047262,367015.1319,12878.882944,653.073199,34.584292,8.7386436, Local-gov, Doctorate, Widowed, Farming-fishing, Not-in-family, White, Male, United-States,50K-
28.9418469,161006.0268,3679.334941,662.23747,22.603466,12.4718692, State-gov, Bachelors, Divorced, ?, Own-child, Amer-Indian-Eskimo, Male, France,50K-
16.1663925,3154.7483,9.400723,1.399308,5.630023,16.9222978, Private, 1st-4th, Married-spouse-absent, Farming-fishing, Not-in-family, Amer-Indian-Eskimo, Female, Portugal,50K-
11.0697303,3154.7483,3633.52864,1.399308,13.515943,8.6590748, Federal-gov, 12th, Widowed, Machine-op-inspct, Wife, Amer-Indian-Eskimo, Male, Philippines,50K-
28.503009,292938.6722,6587.983709,1248.519055,10.772155,14.8558334, State-gov, Masters, Divorced, Adm-clerical, Not-in-family, Asian-Pac-Islander, Male, France,50K-
47.3275883,330051.8463,1305.816041,479.379385,54.34483,11.978459, Federal-gov, Assoc-acdm, Divorced, Sales, Own-child, Asian-Pac-Islander, Male, Cuba,50K-
60.4164347,382601.4138,12198.162763,120.160353,50.350972,10.2534529, Federal-gov, Assoc-acdm, Never-married, Protective-serv, Not-in-family, Other, Female, Italy,50K-
1.4850908,3154.7483,16408.665692,1.399308,28.354955,7.0190141, State-gov, 9th, Married-civ-spouse, Other-service, Wife, Amer-Indian-Eskimo, Female, United-States,50K-
21.9231568,184961.1378,12953.488147,90.174687,46.620379,8.1551035, Without-pay, 10th, Divorced, Transport-moving, Wife, Asian-Pac-Islander, Female, Puerto-Rico,50K-
1.4465684,47369.4281,9.400723,435.885938,12.307146,13.4538517, Local-gov, Bachelors, Married-AF-spouse, Sales, Own-child, Black, Male, Peru,50K-
22.840051,3154.7483,14196.475869,1.399308,5.630023,14.5352702, ?, Assoc-acdm, Separated, Other-service, Unmarried, Asian-Pac-Islander, Male, Canada,50K-
75.4831687,353522.5706,2376.829272,1096.227568,36.52764,12.7119489, Self-emp-not-inc, Bachelors, Divorced, Exec-managerial, Other-relative, Asian-Pac-Islander, Male, Germany,50K-
45.4924131,11734.6813,16165.447055,1097.335617,75.324341,14.7368407, ?, Some-college, Widowed, Handlers-cleaners, Own-child, Amer-Indian-Eskimo, Male, Dominican-Republic,50K-
5.7845454,172249.8193,10378.809561,768.191652,5.630023,17.2140094, Self-emp-not-inc, 5th-6th, Married-AF-spouse, Prof-specialty, Not-in-family, Black, Male, India,50K-
45.0356856,18016.7913,13514.296112,1.399308,66.993515,8.7644136, State-gov, Some-college, Widowed, Farming-fishing, Unmarried, Black, Female, Haiti,50K-
59.6257095,473062.7573,9007.716479,263.752285,59.799438,8.0097023, Local-gov, 9th, Widowed, ?, Not-in-family, Asian-Pac-Islander, Male, United-States,50K-
16.1928527,153693.8808,16741.336103,1.399308,5.630023,11.727243, Self-emp-inc, 10th, Married-civ-spouse, Machine-op-inspct, Not-in-family, Black, Male, France,50K-
9.0685234,363937.5037,8913.304276,923.907997,26.853051,11.2651201, Self-emp-inc, Prof-school, Separated, ?, Own-child, Asian-Pac-Islander, Female, Canada,50K-
24.0972035,452501.103,19192.978222,231.409005,47.004846,8.6377112, Local-gov, Assoc-acdm, Divorced, Prof-specialty, Wife, White, Female, Germany,50K-
68.4427492,224851.6994,7029.20671,1243.912419,32.755473,6.1385945, Private, Bachelors, Separated, Farming-fishing, Husband, White, Male, France,50K-
30.7193986,263421.6464,2645.567632,1270.536011,53.92102,12.1634774, Without-pay, HS-grad, Separated, Transport-moving, Husband, Amer-Indian-Eskimo, Male, Portugal,50K-
72.8901896,225634.8371,521.389271,219.178164,22.776993,14.6952954, Self-emp-not-inc, 10th, Married-AF-spouse, Machine-op-inspct, Husband, Black, Male, Dominican-Republic,50K-
1.4465684,3154.7483,6195.096086,1.399308,43.829072,11.5478532, Private, 10th, Divorced, Other-service, Unmarried, White, Male, Jamaica,50K-
11.2321316,3154.7483,9.400723,1.399308,5.630023,12.4865679, Without-pay, Assoc-acdm, Divorced, Exec-managerial, Own-child, Black, Female, China,50K-
1.4465684,243942.113,9.400723,1.399308,5.630023,13.8974129, State-gov, 1st-4th, Widowed, Tech-support, Husband, Amer-Indian-Eskimo, Male, Yugoslavia,50K-
60.9606134,3839.4605,5040.207106,740.99202,38.819363,14.1204583, Without-pay, Assoc-voc, Married-spouse-absent, Exec-managerial, Wife, Asian-Pac-Islander, Female, India,50K-
29.6628885,404020.4178,11804.012203,260.567374,41.389343,8.8152986, Local-gov, 5th-6th, Never-married, Farming-fishing, Other-relative, White, Female, Mexico,50K-
20.0498157,114252.1972,167.103552,167.719956,5.630023,16.2214932, Without-pay, 1st-4th, Married-civ-spouse, Machine-op-inspct, Own-child, White, Female, Trinadad&Tobago,50K-
68.2088105,318382.4412,2544.554898,247.313663,34.272876,13.5446105, Private, 12th, Never-married, Tech-support, Not-in-family, White, Male, United-States,50K-
42.6193607,383508.0713,5466.485046,466.289043,52.044796,11.7780315, Federal-gov, 7th-8th, Married-civ-spouse, Craft-repair, Own-child, White, Female, Dominican-Republic,50K-
44.9424997,365388.7637,4623.639973,722.878341,14.759688,13.0670156, Self-emp-inc, Assoc-acdm, Married-civ-spouse, ?, Other-relative, Black, Female, England,50K-
33.6749549,193843.8018,12884.155066,960.387335,58.870416,6.1044538, ?, Bachelors, Divorced, Adm-clerical, Own-child, Black, Male, Trinadad&Tobago,50K-
64.6683718,350255.3389,2774.616646,978.843856,76.012085,7.5157347, ?, Assoc-acdm, Never-married, Machine-op-inspct, Husband, Asian-Pac-Islander, Female, Canada,50K-
55.1367901,182585.5864,4893.834769,1262.209085,8.609041,14.231713, Private, Some-college, Married-AF-spouse, Farming-fishing, Unmarried, Asian-Pac-Islander, Female, Puerto-Rico,50K-
33.2848781,30314.077,7069.84568,544.888669,54.582117,14.0400475, Local-gov, 7th-8th, Separated, Adm-clerical, Not-in-family, Black, Male, Philippines,50K-
42.5660397,430304.85,3910.862697,244.6615,71.939542,8.7700803, Local-gov, Some-college, Widowed, Machine-op-inspct, Other-relative, White, Male, Cuba,50K-
1.4465684,24281.0782,9.400723,644.163203,43.026595,9.215116, Local-gov, Bachelors, Divorced, Tech-support, Wife, White, Female, China,50K-
1.4465684,229548.9437,2435.632086,1.399308,5.630023,14.8618498, Local-gov, Doctorate, Married-spouse-absent, Other-service, Not-in-family, Other, Female, China,50K-
29.3435594,246012.9905,3836.962954,200.672363,17.753704,13.2546574, Without-pay, 9th, Widowed, Craft-repair, Not-in-family, Black, Female, Haiti,50K-
37.2677476,322650.0944,5246.288982,756.20432,22.616332,17.1871939, State-gov, Masters, Divorced, Transport-moving, Other-relative, Other, Male, Peru,50K-
32.094787,262767.5074,18354.032409,413.427468,36.933886,8.3308056, Self-emp-inc, Some-college, Separated, ?, Other-relative, Asian-Pac-Islander, Female, Guatemala,50K-
1.4465684,3154.7483,9.400723,1.399308,37.087933,3.6610546, Local-gov, Prof-school, Widowed, Transport-moving, Wife, Amer-Indian-Eskimo, Male, ?,50K-
45.6090956,255105.5173,14579.029945,400.884676,17.216329,12.43132, Self-emp-inc, 10th, Married-AF-spouse, Adm-clerical, Other-relative, Asian-Pac-Islander, Male, Vietnam,50K-
1.4465684,3154.7483,9.400723,1.399308,5.630023,10.5009581, Local-gov, Assoc-acdm, Married-civ-spouse, Adm-clerical, Unmarried, Amer-Indian-Eskimo, Female, Yugoslavia,50K-
15.9386436,309063.6049,878.651384,626.376696,6.431295,9.903688, Self-emp-not-inc, Masters, Married-civ-spouse, Farming-fishing, Own-child, Other, Female, France,50K-
1.4465684,23926.3228,10511.398825,377.406195,19.304118,5.6116837, Local-gov, Doctorate, Married-spouse-absent, Protective-serv, Other-relative, White, Female, Vietnam,50K-
35.0476562,297299.5638,5468.592397,1189.014866,43.551106,5.6363318, Self-emp-inc, 9th, Separated, Other-service, Husband, Other, Male, India,50K-
17.0505986,417926.3681,15864.085898,1093.85338,39.711964,7.4342064, State-gov, Assoc-voc, Never-married, ?, Wife, White, Female, Vietnam,50K-
14.2664792,132037.0511,7379.047644,327.363708,61.344356,13.1276717, Local-gov, Some-college, Never-married, Sales, Other-relative, Black, Female, England,50K-
9.7878479,112863.7766,17214.230608,779.264844,70.458385,8.207784, Self-emp-not-inc, Prof-school, Widowed, Protective-serv, Unmarried, White, Male, Guatemala,50K-
51.151658,173793.2881,9095.297881,552.815574,56.504159,7.0137665, Self-emp-not-inc, Assoc-acdm, Married-spouse-absent, ?, Other-relative, Asian-Pac-Islander, Male, Trinadad&Tobago,50K-
46.6392911,224115.9085,1434.928399,277.830318,27.33965,17.2981141, Federal-gov, Doctorate, Married-AF-spouse, Tech-support, Husband, Black, Female, Philippines,50K-
1.4465684,233894.7873,3732.609847,1.399308,53.935405,15.1371912, Self-emp-not-inc, 9th, Married-civ-spouse, Machine-op-inspct, Not-in-family, White, Female, Peru,50K-
1.4465684,3154.7483,9.400723,921.268612,5.630023,8.6694475, Without-pay, 11th, Married-spouse-absent, Adm-clerical, Wife, White, Female, Guatemala,50K-
57.2609744,213564.5187,4964.316659,152.717438,54.47974,15.5772265, Federal-gov, Doctorate, Married-civ-spouse, Prof-specialty, Unmarried, Amer-Indian-Eskimo, Male, England,50K-
26.3082013,78855.3676,2985.463464,672.978618,37.691258,15.15447, Self-emp-inc, 11th, Divorced, Sales, Husband, Black, Male, Mexico,50K-
1.4465684,101276.8999,10841.986174,1089.471725,59.777633,11.1009406, Self-emp-not-inc, 9th, Separated, Farming-fishing, Own-child, Other, Male, El-Salvador,50K-
38.3462638,286891.9373,2665.802688,629.558375,45.023485,10.2703251, Private, 11th, Married-civ-spouse, Craft-repair, Own-child, Black, Male, England,50K-
11.4884383,3154.7483,741.415876,679.023976,38.605769,10.2016107, ?, Assoc-voc, Married-AF-spouse, Farming-fishing, Husband, Black, Male, Philippines,50K-
1.4465684,3154.7483,9.400723,1240.906867,52.039181,13.0550083, Private, 5th-6th, Divorced, Tech-support, Unmarried, Amer-Indian-Eskimo, Male, Guatemala,50K-
32.785336,188774.6716,18648.849415,453.947552,43.314586,6.5988918, Without-pay, 5th-6th, Never-married, Handlers-cleaners, Other-relative, Asian-Pac-Islander, Female, Haiti,50K-
74.6063961,106257.4856,11703.716656,564.22651,34.302492,6.977794, Without-pay, Masters, Never-married, Tech-support, Own-child, Amer-Indian-Eskimo, Male, ?,50K-
55.4178454,12739.2645,8177.371811,1055.591663,63.183826,7.8491945, Self-emp-not-inc, Bachelors, Married-spouse-absent, Sales, Unmarried, Asian-Pac-Islander, Female, Outlying-US(Guam-USVI-etc),50K-
58.5969786,236701.6343,4112.393382,320.221665,41.333117,6.6263152, Local-gov, Assoc-voc, Widowed, Craft-repair, Unmarried, Asian-Pac-Islander, Female, Germany,50K-
62.3350501,5066.1279,2003.967457,864.187062,11.527955,11.8623589, ?, 9th, Married-civ-spouse, ?, Own-child, Amer-Indian-Eskimo, Female, Vietnam,50K-
1.4465684,3154.7483,9.400723,1.399308,5.630023,10.305379, Private, Bachelors, Never-married, Machine-op-inspct, Husband, Amer-Indian-Eskimo, Female, Jamaica,50K-
14.253368,472026.0371,9887.07265,323.386453,72.010575,8.6731857, Without-pay, Bachelors, Widowed, Exec-managerial, Unmarried, Other, Female, Haiti,50K-
55.1272914,391714.7889,11816.074075,277.770376,56.36779,9.609039, Federal-gov, 10th, Never-married, Tech-support, Wife, Amer-Indian-Eskimo, Male, Peru,50K-
16.7612426,39559.5151,601.36987,84.308221,38.93674,11.8982272, ?, 7th-8th, Married-spouse-absent, Protective-serv, Wife, White, Male, Guatemala,50K-
1.4465684,3154.7483,9.400723,1.399308,5.630023,5.2039961, State-gov, 7th-8th, Separated, Transport-moving, Own-child, Asian-Pac-Islander, Female, England,50K-
75.1962161,128387.9997,6780.051207,1127.641248,59.43758,11.1439134, Self-emp-not-inc, Masters, Divorced, Exec-managerial, Other-relative, Asian-Pac-Islander, Female, China,50K-
26.2838678,292534.0945,3694.349106,273.500606,13.011799,11.4378147, Private, Doctorate, Married-civ-spouse, Prof-specialty, Unmarried, Black, Female, Philippines,50K-
23.755104,278458.6266,6203.616672,1289.80618,39.863994,12.6282798, Private, 5th-6th, Divorced, Tech-support, Own-child, White, Female, Yugoslavia,50K-
14.7635831,3154.7483,18632.217084,1.399308,72.886404,7.6361978, Private, Masters, Married-AF-spouse, Craft-repair, Own-child, Amer-Indian-Eskimo, Male, El-Salvador,50K-
1.4465684,3154.7483,9.400723,1002.748147,16.13051,3.6610546, Private, 11th, Separated, Other-service, Not-in-family, Other, Male, Outlying-US(Guam-USVI-etc),50K-
1.4465684,3154.7483,9.400723,1.399308,5.630023,3.6610546, ?, 12th, Married-civ-spouse, Sales, Unmarried, Black, Female, England,50K-
16.982768,300958.4929,14693.186353,417.711696,43.068004,8.6477254, Private, Masters, Never-married, Prof-specialty, Wife, Amer-Indian-Eskimo, Female, Vietnam,50K-
9.9571905,349494.8361,1600.766103,1.399308,63.855545,10.9487479, Without-pay, 5th-6th, Separated, Sales, Unmarried, White, Male, Vietnam,50K-
34.4425596,403374.3475,11299.448703,945.073214,61.242624,10.5579111, Private, 12th, Never-married, Exec-managerial, Wife, Other, Male, England,50K-
1.4465684,82572.1802,6045.899407,1.399308,5.630023,9.6425117, ?, 10th, Widowed, Handlers-cleaners, Unmarried, White, Male, Trinadad&Tobago,50K-
9.7310528,490488.0254,20897.226065,415.130916,69.378877,6.872787, Federal-gov, Assoc-voc, Widowed, Handlers-cleaners, Husband, Asian-Pac-Islander, Female, Peru,50K-
70.9291226,207421.0285,3825.762791,1062.908679,69.615755,15.6280069, Private, HS-grad, Separated, Prof-specialty, Own-child, Black, Male, ?,50K-
1.4465684,3154.7483,9.400723,1.399308,49.077692,9.5729391, Without-pay, 10th, Married-AF-spouse, Exec-managerial, Unmarried, Black, Female, Trinadad&Tobago,50K-
24.3949489,20021.4424,11456.624303,903.577218,50.682415,11.3076862, Private, 1st-4th, Never-married, Other-service, Husband, Black, Female, United-States,50K-
1.4465684,188173.8197,18119.013942,705.987278,43.217114,10.5554993, Private, Prof-school, Married-spouse-absent, Tech-support, Other-relative, Black, Male, United-States,50K-
23.2346102,398234.2256,6589.660765,1063.448588,22.8769,12.2592136, Local-gov, 12th, Separated, Transport-moving, Not-in-family, Other, Male, Jamaica,50K-
5.5519893,3154.7483,9.400723,1.399308,5.630023,3.6610546, Private, 1st-4th, Married-civ-spouse, Adm-clerical, Other-relative, Amer-Indian-Eskimo, Female, Mexico,50K-
1.4465684,3154.7483,9.400723,1.399308,5.630023,3.6610546, Self-emp-not-inc, Masters, Married-civ-spouse, Farming-fishing, Other-relative, Black, Female, France,50K-
37.4071137,516029.1986,1340.662111,1203.718611,5.630023,11.8472305, Private, Doctorate, Married-spouse-absent, Tech-support, Unmarried, Black, Female, United-States,50K-
60.131477,485712.8863,12244.622755,971.482947,15.835061,11.6924992, Self-emp-not-inc, 9th, Married-spouse-absent, Transport-moving, Not-in-family, White, Female, India,50K-
18.6427443,310718.3434,9.400723,1.399308,13.560486,14.0773444, Self-emp-not-inc, Some-college, Widowed, Craft-repair, Unmarried, Black, Male, France,50K-
1.4465684,158658.6045,9.400723,1.399308,5.630023,10.0182593, Self-emp-inc, 9th, Married-civ-spouse, Other-service, Other-relative, Black, Female, Canada,50K-
58.6467626,490788.4443,5247.339623,971.560518,42.379473,9.3240336, Without-pay, 5th-6th, Married-AF-spouse, Other-service, Other-relative, Asian-Pac-Islander, Female, England,50K-
58.8072767,106985.0177,13124.384188,941.5345,47.087494,9.1996002, Local-gov, Prof-school, Never-married, Handlers-cleaners, Other-relative, Asian-Pac-Islander, Female, Jamaica,50K-
28.4890474,37396.0854,5299.763426,778.48869,48.522733,13.5075638, Private, Doctorate, Separated, Prof-specialty, Other-relative, Black, Male, Outlying-US(Guam-USVI-etc),50K-
11.1174884,505983.0026,9.400723,1.399308,50.178892,13.5540464, Self-emp-inc, Some-college, Separated, Sales, Other-relative, Other, Male, Italy,50K-
61.0758052,489556.3877,2812.283174,1111.593289,27.49702,13.4827426, Federal-gov, Masters, Married-spouse-absent, Machine-op-inspct, Not-in-family, Amer-Indian-Eskimo, Female, Italy,50K-
1.4465684,3154.7483,16956.624571,1.399308,66.621913,9.0099267, Local-gov, 7th-8th, Divorced, Sales, Unmarried, Amer-Indian-Eskimo, Male, Jamaica,50K-
17.0850367,501525.4533,5176.376618,703.908906,52.046318,7.6229002, Self-emp-not-inc, Assoc-voc, Married-civ-spouse, ?, Wife, Black, Female, Taiwan,50K-
50.0305861,215409.6723,11554.460467,280.16002,15.043561,12.0325875, Self-emp-inc, Assoc-voc, Divorced, ?, Own-child, White, Female, Outlying-US(Guam-USVI-etc),50K-
15.9356622,146562.5179,9.400723,549.506005,7.179822,7.6060966, Federal-gov, Some-college, Separated, ?, Not-in-family, Amer-Indian-Eskimo, Female, Guatemala,50K-
9.790155,3154.7483,9061.797637,801.607071,26.334161,11.7295709, Local-gov, Assoc-acdm, Separated, Protective-serv, Wife, Black, Male, Mexico,50K-
33.9854429,3154.7483,6207.142166,470.704318,12.223657,12.4687967, Local-gov, Assoc-acdm, Divorced, Protective-serv, Husband, White, Male, China,50K-
1.4465684,3154.7483,9.400723,1.399308,5.630023,3.6610546, Federal-gov, Doctorate, Never-married, Exec-managerial, Not-in-family, Amer-Indian-Eskimo, Male, Outlying-US(Guam-USVI-etc),50K-
30.4418048,79080.1774,5544.612656,784.393617,26.415382,12.4704863, Without-pay, Assoc-acdm, Separated, Other-service, Not-in-family, Black, Female, Haiti,50K-
1.4465684,392657.3879,9.400723,159.75016,5.630023,3.6610546, Federal-gov, 11th, Never-married, Protective-serv, Other-relative, Amer-Indian-Eskimo, Female, France,50K-
57.7110479,221422.9692,4061.012637,1205.888671,21.006434,8.4207061, Self-emp-not-inc, 7th-8th, Never-married, Craft-repair, Unmarried, Asian-Pac-Islander, Male, Peru,50K-
53.8351245,221301.6441,5878.910145,300.867603,64.609217,9.0419731, Self-emp-not-inc, Assoc-acdm, Married-AF-spouse, Protective-serv, Unmarried, Asian-Pac-Islander, Female, Taiwan,50K-
70.4358688,414220.7414,19587.23712,994.293866,13.314562,4.8242312, Self-emp-not-inc, 1st-4th, Divorced, Machine-op-inspct, Unmarried, Other, Female, United-States,50K-
60.5938592,277436.494,11614.358877,416.333814,6.544561,11.7877811, ?, 9th, Divorced, Machine-op-inspct, Wife, Other, Male, China,50K-
3.7163312,94888.7779,4197.3339,1.399308,52.125579,12.278045, Federal-gov, 12th, Married-spouse-absent, Farming-fishing, Other-relative, Black, Female, Jamaica,50K-
71.1988779,494223.9505,6109.971988,62.573201,30.490973,7.5262642, Without-pay, Doctorate, Separated, Handlers-cleaners, Other-relative, Black, Male, Trinadad&Tobago,50K-
19.5073294,36400.0382,1001.059078,1267.955275,5.630023,12.0970022, Without-pay, 9th, Widowed, Transport-moving, Other-relative, Amer-Indian-Eskimo, Male, China,50K-
1.4465684,3154.7483,20469.367104,973.924347,51.090308,9.88042, Private, 7th-8th, Divorced, Adm-clerical, Husband, Other, Female, Puerto-Rico,50K-
35.7312217,85833.8859,165.087619,656.4553,66.249231,11.0329235, State-gov, 10th, Divorced, Prof-specialty, Other-relative, White, Male, ?,50K-
66.9160434,322785.8599,19920.394939,315.551325,59.664812,8.4453288, ?, Assoc-voc, Married-spouse-absent, Adm-clerical, Own-child, Other, Female, Canada,50K-
1.4465684,3154.7483,11048.268209,1.399308,5.630023,7.5066691, State-gov, Masters, Married-AF-spouse, Handlers-cleaners, Other-relative, Amer-Indian-Eskimo, Male, ?,50K-
1.4465684,498975.8261,1701.575903,236.733211,27.29135,10.0325276, State-gov, 9th, Divorced, Transport-moving, Own-child, Amer-Indian-Eskimo, Male, El-Salvador,50K-
72.0719892,492777.873,8379.179574,3.625966,52.462449,6.1354907, Without-pay, Assoc-voc, Separated, ?, Unmarried, Asian-Pac-Islander, Male, Peru,50K-
8.0761892,194206.4774,9.400723,1.399308,5.630023,8.0571751, ?, Assoc-acdm, Married-spouse-absent, Exec-managerial, Own-child, Amer-Indian-Eskimo, Male, Cuba,50K-
33.378,440382.2137,14516.21796,1000.822038,65.06476,11.3243451, Self-emp-not-inc, Some-college, Widowed, ?, Not-in-family, Black, Female, Taiwan,50K-
67.9944305,350195.6902,946.781919,1113.741648,59.103021,14.4014083, ?, HS-grad, Married-AF-spouse, Other-service, Own-child, Amer-Indian-Eskimo, Male, Haiti,50K-
50.571617,256834.9482,9019.799585,716.289058,5.981541,11.095252, Local-gov, 10th, Never-married, Protective-serv, Husband, Amer-Indian-Eskimo, Male, India,50K-
17.8249566,3154.7483,9.400723,1.399308,26.954842,12.8602184, Self-emp-inc, Assoc-voc, Married-civ-spouse, Exec-managerial, Wife, Other, Male, El-Salvador,50K-
44.1254784,304232.3995,5843.480507,386.70125,56.99533,9.4774854, Private, Masters, Married-civ-spouse, Transport-moving, Other-relative, White, Female, Puerto-Rico,50K-
60.2021934,316356.4407,6113.923817,1272.95684,73.940782,11.2753981, Without-pay, 1st-4th, Married-spouse-absent, Handlers-cleaners, Own-child, Amer-Indian-Eskimo, Male, Guatemala,50K-
51.7667454,441749.0553,5951.806269,576.259316,67.929139,11.9045465, ?, 10th, Divorced, Sales, Not-in-family, Asian-Pac-Islander, Male, Outlying-US(Guam-USVI-etc),50K-
24.7063332,3154.7483,1504.581452,1.399308,26.406821,15.1321035, ?, Assoc-voc, Married-spouse-absent, Sales, Own-child, Amer-Indian-Eskimo, Male, China,50K-
19.6399701,241979.5581,6926.294521,1.399308,10.717654,10.0778325, Local-gov, 10th, Married-civ-spouse, Exec-managerial, Not-in-family, Amer-Indian-Eskimo, Female, Philippines,50K-
54.6900855,78945.2442,5502.559954,568.294088,64.538295,6.5184215, Without-pay, Assoc-voc, Never-married, Sales, Wife, Other, Female, China,50K-
1.4465684,3154.7483,9.400723,1.399308,5.630023,3.6610546, Federal-gov, Assoc-voc, Widowed, Craft-repair, Wife, Asian-Pac-Islander, Male, Puerto-Rico,50K-
74.0787777,87126.4545,3843.976229,610.201572,21.733936,7.5850565, Local-gov, 1st-4th, Married-AF-spouse, Sales, Husband, White, Male, Puerto-Rico,50K-
16.0609216,480916.0049,1954.242694,302.787843,5.630023,7.7276402, Self-emp-not-inc, 9th, Separated, ?, Own-child, White, Male, Philippines,50K-
9.2112934,479311.6622,17497.416506,128.575483,20.451145,7.9578544, ?, Masters, Married-AF-spouse, Handlers-cleaners, Other-relative, White, Female, El-Salvador,50K-
55.0577276,516228.1471,2214.31859,50.34436,73.027997,9.4805553, Self-emp-not-inc, 1st-4th, Divorced, Other-service, Husband, White, Female, Guatemala,50K-
13.159774,3154.7483,9.400723,1.399308,5.630023,17.6094463, Self-emp-inc, Assoc-voc, Married-civ-spouse, Sales, Wife, Black, Male, India,50K-
30.6975375,152747.4607,9.400723,549.42308,15.807663,6.8120861, Without-pay, 10th, Married-civ-spouse, Exec-managerial, Own-child, Black, Female, Portugal,50K-
70.105082,383706.1541,3558.664011,641.237231,24.297167,8.7749005, Self-emp-not-inc, Doctorate, Married-AF-spouse, ?, Other-relative, Other, Female, Peru,50K-
8.9534784,414321.2547,2498.333003,562.703202,74.473513,13.0360393, Local-gov, Prof-school, Widowed, Transport-moving, Husband, White, Female, Yugoslavia,50K-
18.9099729,3154.7483,2255.500288,1242.721045,71.619099,14.4420065, Private, 12th, Divorced, Machine-op-inspct, Other-relative, Black, Male, Haiti,50K-
8.750011,432604.7141,8549.106345,1013.121123,75.144291,15.9812219, Without-pay, 7th-8th, Never-married, Craft-repair, Husband, Black, Female, Germany,50K-
49.2792522,7003.9959,19334.301156,53.610646,57.595101,7.8665135, Self-emp-inc, Doctorate, Divorced, Tech-support, Not-in-family, White, Male, Puerto-Rico,50K-
1.4465684,3154.7483,9.400723,1.399308,5.630023,16.6996208, Self-emp-not-inc, 1st-4th, Separated, Tech-support, Not-in-family, Black, Female, Vietnam,50K-
1.4465684,3154.7483,9.400723,1.399308,5.630023,3.6610546, Without-pay, Some-college, Married-AF-spouse, Exec-managerial, Husband, Asian-Pac-Islander, Female, Portugal,50K-
1.4465684,3154.7483,9.400723,1.399308,5.630023,15.3430165, ?, Doctorate, Never-married, Tech-support, Other-relative, Black, Female, El-Salvador,50K-
19.9517711,71254.2546,9.400723,213.69096,43.31451,14.0839806, Private, Prof-school, Widowed, Sales, Other-relative, Amer-Indian-Eskimo, Male, Jamaica,50K-
48.381266,417206.1588,13480.342705,160.751737,29.750038,11.2780701, ?, 9th, Married-AF-spouse, Prof-specialty, Own-child, Amer-Indian-Eskimo, Male, Trinadad&Tobago,50K-
34.3497225,422044.6706,18465.961802,816.893113,46.596311,7.0522912, Self-emp-inc, Bachelors, Separated, ?, Unmarried, Other, Male, Dominican-Republic,50K-
14.3611299,206756.4563,12879.428414,483.286324,70.105565,11.3400336, Self-emp-inc, Bachelors, Married-spouse-absent, Craft-repair, Other-relative, Amer-Indian-Eskimo, Male, Trinadad&Tobago,50K-
23.7651809,295294.916,974.211003,269.979111,5.630023,17.3644623, Private, 10th, Married-AF-spouse, Transport-moving, Not-in-family, Other, Male, Cuba,50K-
72.6950207,492217.536,15066.063488,410.346874,14.791821,4.639999, Local-gov, 9th, Separated, Machine-op-inspct, Wife, Other, Female, Guatemala,50K-
30.7604187,3154.7483,12522.012393,142.134421,30.587853,10.4722007, Self-emp-not-inc, 7th-8th, Married-AF-spouse, Adm-clerical, Other-relative, Other, Female, China,50K-
23.7381434,158590.637,952.772227,1.399308,61.919265,7.7051066, Local-gov, 11th, Married-civ-spouse, Sales, Own-child, White, Female, Portugal,50K-
16.0712457,3154.7483,18664.862188,150.907157,41.852163,3.6610546, State-gov, Bachelors, Married-spouse-absent, Adm-clerical, Not-in-family, Amer-Indian-Eskimo, Female, China,50K-
45.0400306,14390.6269,8598.68416,559.209624,41.405678,11.546661, State-gov, Bachelors, Never-married, Prof-specialty, Wife, White, Male, Puerto-Rico,50K-
56.5273469,198494.5606,11311.700858,851.673267,64.290503,15.1340932, Private, 12th, Never-married, Handlers-cleaners, Not-in-family, Black, Male, El-Salvador,50K-
49.0222603,494306.676,1761.852405,744.282758,67.42382,13.0830971, ?, 1st-4th, Married-AF-spouse, Other-service, Husband, Amer-Indian-Eskimo, Female, China,50K-
67.6472782,149059.8607,19909.966852,415.651263,48.750362,11.2512638, Federal-gov, 1st-4th, Never-married, Farming-fishing, Husband, Amer-Indian-Eskimo, Male, Guatemala,50K-
37.6460512,3154.7483,8179.243069,161.940905,69.254859,12.2789133, Self-emp-not-inc, 10th, Married-spouse-absent, Tech-support, Unmarried, Other, Male, Cuba,50K-
31.1728224,314889.0447,14693.040371,701.947089,25.707626,10.1723343, Local-gov, Some-college, Married-AF-spouse, ?, Unmarried, Asian-Pac-Islander, Female, France,50K-
71.1590609,202712.435,15124.365009,297.20475,74.126742,11.2701551, Self-emp-inc, 10th, Divorced, Protective-serv, Other-relative, White, Female, England,50K-
1.4465684,3154.7483,19172.322521,1.399308,73.721949,3.6610546, Local-gov, Masters, Married-AF-spouse, Handlers-cleaners, Unmarried, Black, Male, Jamaica,50K-
3.1399883,184739.6912,4949.112842,874.22402,32.795834,14.8053727, State-gov, 12th, Divorced, Machine-op-inspct, Wife, Black, Female, Trinadad&Tobago,50K-
62.4489124,128634.6129,2928.930975,341.327108,42.9011,11.4257898, Self-emp-inc, Doctorate, Married-civ-spouse, Adm-clerical, Other-relative, Asian-Pac-Islander, Male, England,50K-
17.9318919,18976.9855,17577.902405,847.270927,42.462745,7.9264621, Federal-gov, 12th, Married-AF-spouse, Craft-repair, Own-child, Amer-Indian-Eskimo, Female, Trinadad&Tobago,50K-
1.4465684,55329.5364,9.400723,1.399308,5.630023,10.8262062, Without-pay, 7th-8th, Widowed, Other-service, Husband, Asian-Pac-Islander, Female, Outlying-US(Guam-USVI-etc),50K-
55.8408634,138309.9274,6787.711346,551.581744,54.43612,12.0938511, Self-emp-inc, Prof-school, Separated, Adm-clerical, Wife, White, Female, El-Salvador,50K-
50.6767705,243552.6141,7307.076888,930.468884,26.353294,9.5626356, Federal-gov, 1st-4th, Widowed, Machine-op-inspct, Unmarried, Black, Female, Haiti,50K-
64.8320938,409387.0753,4763.332459,875.692536,35.955015,12.633204, Local-gov, 5th-6th, Never-married, Transport-moving, Other-relative, Other, Male, United-States,50K-
44.0540003,169735.4463,6344.842691,983.453034,55.413842,14.2011982, Private, 12th, Widowed, Other-service, Own-child, Amer-Indian-Eskimo, Female, Yugoslavia,50K-
12.5661978,325364.7762,1923.713959,1.399308,10.137639,14.397081, State-gov, Assoc-acdm, Married-civ-spouse, Transport-moving, Wife, White, Female, Outlying-US(Guam-USVI-etc),50K-
16.5747604,308885.0379,6579.434478,243.312452,33.303405,7.8441532, Private, 9th, Married-civ-spouse, Protective-serv, Unmarried, Amer-Indian-Eskimo, Female, Taiwan,50K-
1.4465684,3154.7483,9.400723,1.399308,28.17778,9.5613598, Federal-gov, 9th, Married-AF-spouse, Protective-serv, Not-in-family, White, Male, France,50K-
50.5883153,471367.2847,1177.764963,458.98644,48.674185,14.547371, Local-gov, Assoc-voc, Widowed, ?, Unmarried, Amer-Indian-Eskimo, Male, Trinadad&Tobago,50K-
55.2631188,508812.806,1619.519723,143.068718,58.368778,10.132664, Private, HS-grad, Widowed, Farming-fishing, Unmarried, Other, Male, Taiwan,50K-
15.5921857,282760.026,13975.940727,1218.774574,13.204573,8.6916706, ?, 9th, Married-AF-spouse, Transport-moving, Husband, Other, Female, ?,50K-
14.7491475,168648.2421,1778.426624,380.906997,54.205162,13.4034566, ?, 10th, Separated, Protective-serv, Not-in-family, White, Female, France,50K-
1.4465684,484880.7178,9.400723,1.399308,53.801326,15.7064033, Without-pay, 5th-6th, Divorced, Craft-repair, Wife, Black, Male, Philippines,50K-
7.4460237,3154.7483,9.400723,1.399308,26.859662,12.0194579, Private, 9th, Divorced, Protective-serv, Husband, Other, Female, Jamaica,50K-
18.4554919,290592.4486,13708.571095,1031.728025,45.61628,10.7563112, Self-emp-not-inc, Prof-school, Married-spouse-absent, Exec-managerial, Other-relative, Amer-Indian-Eskimo, Male, England,50K-
45.8701503,295723.6429,4324.000791,842.436832,58.374508,12.1559962, ?, Prof-school, Never-married, Handlers-cleaners, Wife, Amer-Indian-Eskimo, Male, Portugal,50K-
49.4412713,161674.591,4320.12762,751.596523,60.206597,8.8985199, Self-emp-not-inc, 1st-4th, Married-AF-spouse, Handlers-cleaners, Husband, Black, Female, Dominican-Republic,50K-
36.0114494,3154.7483,14031.629134,117.105463,22.844351,9.9929565, State-gov, 5th-6th, Separated, Other-service, Unmarried, Black, Female, ?,50K-
27.5595924,72710.0815,15737.387269,948.515415,14.078338,6.94516, Local-gov, 10th, Separated, Adm-clerical, Husband, White, Female, Canada,50K-
45.3368724,13324.937,4589.3143,113.329497,17.640897,15.2036482, Self-emp-inc, 9th, Married-spouse-absent, Adm-clerical, Other-relative, Other, Female, Guatemala,50K-
45.3343454,114820.2465,8211.135368,1275.888342,30.63497,8.2295457, Self-emp-not-inc, 11th, Married-spouse-absent, Tech-support, Not-in-family, Amer-Indian-Eskimo, Male, ?,50K-
30.5671544,327093.4534,6322.202248,948.928455,64.696598,11.072086, Self-emp-inc, 1st-4th, Widowed, Adm-clerical, Not-in-family, Other, Female, Outlying-US(Guam-USVI-etc),50K-
27.6515067,467540.3215,11061.026074,1123.222713,34.447665,8.9067896, Local-gov, Assoc-acdm, Never-married, Transport-moving, Not-in-family, Amer-Indian-Eskimo, Female, Italy,50K-
32.7488376,293294.0128,9.400723,1.399308,33.945632,9.7066935, Self-emp-not-inc, 7th-8th, Married-spouse-absent, Exec-managerial, Husband, White, Female, Vietnam,50K-
72.4293062,437127.6613,4373.901782,691.334429,69.77441,13.0959174, Private, 9th, Married-AF-spouse, Handlers-cleaners, Wife, Asian-Pac-Islander, Male, Outlying-US(Guam-USVI-etc),50K-
27.9535885,453709.9003,9.400723,549.899455,5.630023,15.3056378, Federal-gov, 5th-6th, Widowed, Adm-clerical, Not-in-family, Amer-Indian-Eskimo, Male, Guatemala,50K-
1.4465684,455709.0674,9.400723,593.895239,71.709725,9.7622558, Federal-gov, Masters, Never-married, Adm-clerical, Husband, Other, Male, Dominican-Republic,50K-
6.3598145,3154.7483,13567.707564,1106.034176,5.630023,6.0716065, Self-emp-not-inc, 10th, Married-spouse-absent, Machine-op-inspct, Unmarried, Black, Female, France,50K-
67.9442209,333849.3774,1664.860361,958.515019,72.836217,6.0266559, Private, 12th, Widowed, Sales, Unmarried, Black, Male, Guatemala,50K-
2.4113286,3154.7483,9.400723,1.399308,62.441821,13.186087, Without-pay, 11th, Married-spouse-absent, Prof-specialty, Wife, White, Female, Portugal,50K-
29.8362022,184640.9825,3156.934061,1.399308,5.630023,9.9559261, Federal-gov, 9th, Divorced, Farming-fishing, Unmarried, Other, Male, United-States,50K-
5.707941,3154.7483,1799.541897,1.399308,60.260156,7.7476182, Self-emp-inc, 12th, Separated, Transport-moving, Own-child, Asian-Pac-Islander, Female, Dominican-Republic,50K-
30.6293147,231400.1736,9.400723,74.400703,18.54493,11.6884542, Local-gov, Prof-school, Married-civ-spouse, Sales, Other-relative, Amer-Indian-Eskimo, Male, El-Salvador,50K-
19.8519429,51969.2215,7381.420774,553.266604,35.113941,6.9483101, Federal-gov, Doctorate, Married-civ-spouse, ?, Wife, Black, Male, Trinadad&Tobago,50K-
56.2947394,465629.9367,8368.711231,122.992666,36.486128,8.03764, ?, Bachelors, Separated, Protective-serv, Own-child, Amer-Indian-Eskimo, Female, China,50K-
1.4465684,3154.7483,9.400723,1.399308,5.630023,8.8301961, Without-pay, 9th, Married-spouse-absent, Adm-clerical, Wife, Other, Female, Puerto-Rico,50K-
24.1039961,102253.9402,17401.037169,513.033104,74.085619,9.4981157, Without-pay, HS-grad, Married-spouse-absent, Handlers-cleaners, Wife, White, Male, Vietnam,50K-
59.6546759,65877.3532,15908.465651,1245.172963,61.609148,6.448648, Federal-gov, Prof-school, Separated, Exec-managerial, Unmarried, Black, Female, Italy,50K-
74.3626509,334601.0388,7830.396862,280.489433,29.586027,7.6616448, Local-gov, 1st-4th, Divorced, Exec-managerial, Unmarried, Other, Male, Portugal,50K-
20.125518,487310.5865,1008.733119,1.399308,34.757509,13.3512809, Local-gov, Masters, Married-civ-spouse, Farming-fishing, Unmarried, Other, Female, Haiti,50K-
11.7812936,3154.7483,1191.182224,761.534109,10.649233,5.1900342, Private, 7th-8th, Married-civ-spouse, Other-service, Not-in-family, White, Female, ?,50K-
38.4685662,320871.5163,2858.907265,125.745773,37.950817,7.1594628, Local-gov, 11th, Married-AF-spouse, Handlers-cleaners, Own-child, Amer-Indian-Eskimo, Male, England,50K-
38.68256,3154.7483,5739.270702,1.399308,45.479277,13.6312315, Private, Assoc-acdm, Married-spouse-absent, Machine-op-inspct, Own-child, Amer-Indian-Eskimo, Female, Taiwan,50K-
11.6932141,189377.1383,5759.372899,535.996861,5.630023,14.6174887, Private, Doctorate, Separated, Craft-repair, Wife, White, Male, ?,50K-
1.4465684,3154.7483,9.400723,1.399308,5.630023,8.2262153, Self-emp-inc, 10th, Never-married, Craft-repair, Other-relative, White, Male, United-States,50K-
24.6441985,256142.9731,7558.103587,1.399308,65.932396,6.6438026, Without-pay, Assoc-voc, Married-civ-spouse, Transport-moving, Unmarried, Asian-Pac-Islander, Male, Haiti,50K-
1.4465684,3154.7483,9.400723,1.399308,41.24291,3.6610546, Without-pay, Assoc-voc, Divorced, Sales, Husband, Amer-Indian-Eskimo, Male, Trinadad&Tobago,50K-
67.9927349,233015.0824,6603.481999,679.219081,15.334281,11.5667861, Private, Assoc-acdm, Married-civ-spouse, Protective-serv, Own-child, White, Female, Mexico,50K-
1.4465684,88761.4307,9.400723,882.439699,32.843037,11.1008911, Without-pay, Prof-school, Married-civ-spouse, Adm-clerical, Unmarried, Asian-Pac-Islander, Female, Puerto-Rico,50K-
21.2148378,204137.0773,8278.219174,1205.323962,58.092286,6.6652, Private, Assoc-voc, Never-married, Machine-op-inspct, Unmarried, Asian-Pac-Islander, Female, Italy,50K-
11.8961316,81050.0848,4344.294016,800.98484,17.424982,11.8031182, State-gov, Masters, Married-civ-spouse, Machine-op-inspct, Wife, Asian-Pac-Islander, Male, Germany,50K-
1.4465684,24611.8249,124.403707,1.399308,47.700781,4.9361891, ?, 10th, Widowed, Exec-managerial, Husband, Amer-Indian-Eskimo, Male, Philippines,50K-
9.056677,307907.9347,4525.997136,810.841044,46.413539,11.9038406, Self-emp-inc, 11th, Widowed, Machine-op-inspct, Husband, Asian-Pac-Islander, Female, Haiti,50K-
1.4465684,3154.7483,9.400723,1.399308,5.630023,3.6610546, Federal-gov, Assoc-acdm, Married-civ-spouse, Adm-clerical, Other-relative, White, Male, El-Salvador,50K-
33.8325187,223486.7571,1754.348495,79.782205,29.167344,17.559419, Without-pay, 11th, Married-spouse-absent, Farming-fishing, Husband, White, Male, China,50K-
31.3731611,482471.9135,4071.685984,910.497853,5.630023,11.0565352, Local-gov, Bachelors, Separated, Adm-clerical, Not-in-family, White, Female, Taiwan,50K-
49.0473368,338316.0221,4537.789273,1110.179031,6.669365,9.6804702, Local-gov, 12th, Married-civ-spouse, Protective-serv, Not-in-family, Other, Female, Guatemala,50K-
19.1219232,110599.145,5210.352904,1233.904821,28.470697,15.0022721, Without-pay, 12th, Married-civ-spouse, Machine-op-inspct, Other-relative, Amer-Indian-Eskimo, Male, Puerto-Rico,50K-
55.8802033,196030.8128,2550.078672,1114.55768,64.809343,11.2431451, Without-pay, Assoc-voc, Married-civ-spouse, Machine-op-inspct, Wife, Asian-Pac-Islander, Male, India,50K-
63.9406741,275420.005,99.706074,171.444161,17.08996,9.5868673, Private, 5th-6th, Widowed, Protective-serv, Own-child, Black, Female, Portugal,50K-
20.0225511,387931.9667,6707.413093,267.367863,20.895742,14.9717607, Private, HS-grad, Never-married, Exec-managerial, Unmarried, Other, Male, England,50K-
33.7690019,173067.4721,17733.998889,582.08891,55.362075,11.1637433, Private, 9th, Married-AF-spouse, Exec-managerial, Not-in-family, Amer-Indian-Eskimo, Female, Taiwan,50K-
51.9564374,174912.0245,6026.562061,128.564439,62.365646,15.2913875, Without-pay, 5th-6th, Divorced, Prof-specialty, Not-in-family, Amer-Indian-Eskimo, Female, Taiwan,50K-
15.9909386,264669.8746,5294.51104,1067.072404,68.628884,12.4864113, Self-emp-not-inc, Prof-school, Married-civ-spouse, Farming-fishing, Not-in-family, Other, Male, Cuba,50K-
1.4465684,386546.0951,9.400723,1.399308,5.630023,15.5383812, ?, Some-college, Never-married, ?, Wife, White, Male, China,50K-
40.4534633,462660.5761,4120.377772,70.615735,42.350206,13.3987491, Federal-gov, Some-college, Widowed, Farming-fishing, Husband, Black, Male, Puerto-Rico,50K-
25.0968197,117641.7988,19219.93026,561.437551,32.31215,7.1129231, Self-emp-not-inc, Prof-school, Widowed, Sales, Own-child, White, Female, Dominican-Republic,50K-
21.9812885,511091.0057,9.400723,1.399308,5.630023,10.9161402, Self-emp-inc, 12th, Married-spouse-absent, Tech-support, Unmarried, Amer-Indian-Eskimo, Male, Germany,50K-
11.740176,310349.7408,3020.229822,100.750044,29.277999,15.830029, Private, Assoc-acdm, Married-AF-spouse, Prof-specialty, Other-relative, Amer-Indian-Eskimo, Female, Puerto-Rico,50K-
1.4465684,3154.7483,9.400723,1.399308,5.630023,8.3396027, Local-gov, Doctorate, Married-spouse-absent, Farming-fishing, Husband, Asian-Pac-Islander, Male, Mexico,50K-
52.198327,112174.1358,3407.082084,521.093769,10.045219,9.9960419, State-gov, 1st-4th, Married-civ-spouse, Protective-serv, Husband, Black, Female, Philippines,50K-
1.6036341,177176.6766,2320.102139,207.66221,35.77543,14.441884, Private, 9th, Married-spouse-absent, Adm-clerical, Other-relative, Amer-Indian-Eskimo, Male, Mexico,50K-
1.4465684,3154.7483,12599.455598,553.998524,6.45028,3.6610546, Self-emp-inc, 1st-4th, Widowed, Sales, Not-in-family, Other, Male, Italy,50K-
20.1914655,3154.7483,17331.089243,1.399308,5.630023,14.3096092, Private, 5th-6th, Never-married, Handlers-cleaners, Unmarried, Other, Male, Italy,50K-
48.4734125,317724.7664,3430.69017,594.868046,63.096428,11.8443191, Federal-gov, 9th, Married-AF-spouse, Machine-op-inspct, Not-in-family, White, Female, Puerto-Rico,50K-
36.0651405,187605.783,19365.525495,800.445726,13.401281,7.5737962, Local-gov, 9th, Widowed, Farming-fishing, Husband, Black, Male, Jamaica,50K-
13.4786127,102178.9757,15984.530646,1.399308,6.315607,10.347405, Self-emp-not-inc, 11th, Married-civ-spouse, Farming-fishing, Wife, Asian-Pac-Islander, Female, Canada,50K-
2.8679528,47258.5955,9.400723,976.773421,55.248612,13.2897703, ?, Prof-school, Divorced, Sales, Not-in-family, Asian-Pac-Islander, Female, Taiwan,50K-
51.567298,91711.6904,16026.992903,1218.486257,27.947442,6.7765571, Self-emp-not-inc, Assoc-voc, Married-spouse-absent, ?, Other-relative, Amer-Indian-Eskimo, Male, Outlying-US(Guam-USVI-etc),50K-
3.4350064,306861.3873,9.400723,892.063297,40.109534,10.1542973, Without-pay, Prof-school, Divorced, Machine-op-inspct, Unmarried, Other, Female, Haiti,50K-
34.415363,3154.7483,4925.273288,277.603097,38.112721,10.8672357, Local-gov, Prof-school, Widowed, ?, Own-child, White, Male, Puerto-Rico,50K-
33.0162199,496666.4334,20505.547519,259.287163,12.473501,6.7490395, State-gov, 11th, Married-civ-spouse, Protective-serv, Other-relative, Amer-Indian-Eskimo, Male, ?,50K-
35.5802894,27494.8626,507.475902,1193.236474,66.609453,8.3142415, ?, Bachelors, Divorced, Craft-repair, Unmarried, Black, Male, England,50K-
17.1702003,3154.7483,9771.8113,271.493597,5.630023,12.1431763, Self-emp-not-inc, Bachelors, Widowed, Farming-fishing, Own-child, Amer-Indian-Eskimo, Female, England,50K-
4.6780268,67816.5703,13391.37436,668.291628,51.083271,7.0199688, Private, Prof-school, Divorced, Other-service, Husband, Other, Female, Cuba,50K-
70.1642681,29151.6534,11449.433172,848.312605,56.828668,10.570194, ?, Prof-school, Separated, Tech-support, Own-child, White, Male, Portugal,50K-
36.099102,455366.3133,4971.532354,1155.091301,55.098802,6.6676861, Federal-gov, Masters, Widowed, ?, Husband, Black, Female, ?,50K-
39.5148954,271858.2844,1287.488811,1280.50774,25.516907,9.6936962, Self-emp-inc, Masters, Widowed, Farming-fishing, Other-relative, Black, Female, Yugoslavia,50K-
53.4088178,401730.7434,19631.156987,1277.154081,5.80713,9.0618705, Without-pay, Prof-school, Divorced, Exec-managerial, Unmarried, Other, Female, Portugal,50K-
1.4465684,331217.9148,9.400723,1.399308,5.630023,17.4465662, Private, 5th-6th, Widowed, Machine-op-inspct, Not-in-family, Amer-Indian-Eskimo, Male, Germany,50K-
7.7813074,3154.7483,17946.267972,1239.130869,33.808109,13.2358868, ?, Prof-school, Divorced, Sales, Other-relative, Asian-Pac-Islander, Male, El-Salvador,50K-
7.7171465,374535.1936,20928.460391,52.254727,41.734752,8.7795189, Local-gov, Assoc-voc, Widowed, Craft-repair, Unmarried, Asian-Pac-Islander, Male, El-Salvador,50K-
22.2737298,258973.4396,18003.030933,1006.657521,32.600037,10.0854312, Federal-gov, 11th, Married-spouse-absent, Adm-clerical, Other-relative, Amer-Indian-Eskimo, Male, Trinadad&Tobago,50K-
60.7154231,261687.1754,4250.982855,421.096771,58.781598,10.228448, State-gov, Assoc-acdm, Widowed, Sales, Not-in-family, White, Female, Peru,50K-
10.464761,390016.2742,19006.755176,328.577661,58.775771,8.7381957, Self-emp-inc, Masters, Divorced, Farming-fishing, Unmarried, Black, Female, Peru,50K-
30.6505638,228630.6097,20121.592123,718.720642,51.14592,9.2017344, Self-emp-inc, HS-grad, Married-AF-spouse, Machine-op-inspct, Not-in-family, Other, Female, England,50K-
53.9549904,174616.0344,3536.458721,1244.206156,39.058049,13.9945157, Without-pay, HS-grad, Separated, ?, Other-relative, Other, Male, Trinadad&Tobago,50K-
13.9340831,219757.8617,15583.709959,445.632586,40.436494,8.6366535, Federal-gov, 12th, Married-AF-spouse, Other-service, Unmarried, Amer-Indian-Eskimo, Male, Germany,50K-
31.5919759,3154.7483,4928.604103,243.464787,26.092163,10.8953564, Without-pay, 10th, Divorced, Prof-specialty, Husband, Amer-Indian-Eskimo, Male, Philippines,50K-
1.4465684,3154.7483,9.400723,1.399308,5.630023,11.4676451, Self-emp-inc, HS-grad, Married-civ-spouse, Prof-specialty, Not-in-family, Other, Female, Portugal,50K-
37.5964896,165154.6066,3589.245429,120.750777,36.630314,14.1203935, Without-pay, 12th, Married-civ-spouse, Tech-support, Own-child, Amer-Indian-Eskimo, Male, Germany,50K-
1.4465684,3154.7483,9.400723,1049.056637,34.874874,9.5518274, State-gov, Some-college, Never-married, Transport-moving, Not-in-family, Amer-Indian-Eskimo, Male, El-Salvador,50K-
15.9601362,32528.9037,4928.916509,64.313838,39.845997,12.6505618, Without-pay, Prof-school, Married-spouse-absent, Machine-op-inspct, Wife, Black, Male, Puerto-Rico,50K-
72.8195517,142850.7675,5341.612202,301.443747,58.762674,12.6248974, Local-gov, Assoc-voc, Widowed, Protective-serv, Not-in-family, Black, Female, Portugal,50K-
76.5592645,315785.5004,5701.766931,675.812467,18.878187,10.5382336, Federal-gov, 5th-6th, Married-spouse-absent, Protective-serv, Husband, White, Male, Trinadad&Tobago,50K-
17.8443645,264906.4071,6530.584676,612.707756,43.197644,15.7126633, State-gov, Assoc-voc, Married-spouse-absent, Farming-fishing, Own-child, White, Male, Cuba,50K-
1.4465684,502020.5371,12943.580035,521.58973,57.06294,12.1161394, Local-gov, Masters, Married-AF-spouse, Other-service, Not-in-family, Amer-Indian-Eskimo, Female, Outlying-US(Guam-USVI-etc),50K-
26.2195848,178215.1066,9.400723,1.399308,68.713397,15.0234483, Local-gov, Assoc-acdm, Married-AF-spouse, Craft-repair, Other-relative, White, Male, Puerto-Rico,50K-
34.767246,165566.4981,11482.99158,660.87868,48.789198,6.6335696, Federal-gov, 11th, Married-civ-spouse, Tech-support, Unmarried, Black, Male, Yugoslavia,50K-
1.4465684,3154.7483,13511.827206,1.399308,36.192418,6.7550895, Self-emp-inc, 11th, Married-AF-spouse, Sales, Own-child, Amer-Indian-Eskimo, Male, Outlying-US(Guam-USVI-etc),50K-
8.197318,427025.6469,472.151304,1.399308,5.630023,10.9704025, Self-emp-inc, Bachelors, Widowed, Craft-repair, Husband, Asian-Pac-Islander, Female, Canada,50K-
27.1960626,240046.418,120.734157,526.057715,7.363273,11.0730917, State-gov, 7th-8th, Divorced, Prof-specialty, Own-child, White, Male, Haiti,50K-
31.8620665,322567.5003,18238.134965,818.670513,72.313984,10.3457776, Self-emp-not-inc, 1st-4th, Divorced, Transport-moving, Not-in-family, White, Female, Dominican-Republic,50K-
56.8582583,81122.7943,12895.020579,150.474106,63.070718,9.0384732, Private, 10th, Separated, Protective-serv, Own-child, Black, Male, Yugoslavia,50K-
61.1586689,15608.3917,1935.525965,1195.145448,32.240152,4.3111429, ?, HS-grad, Never-married, Handlers-cleaners, Not-in-family, Asian-Pac-Islander, Male, Jamaica,50K-
11.7731012,401975.3134,1941.285924,1060.626651,65.647263,12.0474433, Self-emp-not-inc, 12th, Married-AF-spouse, Exec-managerial, Other-relative, White, Male, Jamaica,50K-
6.3561763,467750.4247,18933.488181,731.785185,41.4732,14.9663793, Self-emp-not-inc, 5th-6th, Widowed, Transport-moving, Other-relative, Asian-Pac-Islander, Male, El-Salvador,50K-
10.2623424,445292.0322,20207.805216,1189.763414,32.808615,12.5915378, State-gov, Prof-school, Married-spouse-absent, Protective-serv, Not-in-family, Amer-Indian-Eskimo, Male, Portugal,50K-
1.4465684,3154.7483,9.400723,1.399308,64.895091,9.4981255, State-gov, HS-grad, Married-civ-spouse, Craft-repair, Unmarried, Other, Female, Guatemala,50K-
1.4465684,400306.3978,9.400723,1.399308,42.942101,10.6903978, Private, 9th, Married-civ-spouse, Other-service, Husband, Black, Female, Outlying-US(Guam-USVI-etc),50K-
56.2874021,302228.4592,640.262498,883.587199,46.789183,12.4634999, Federal-gov, 11th, Married-AF-spouse, Protective-serv, Other-relative, Asian-Pac-Islander, Male, France,50K-
1.7633941,71221.7117,6941.4019,1.399308,5.630023,6.3001875, Self-emp-inc, Prof-school, Widowed, Farming-fishing, Husband, Black, Male, Outlying-US(Guam-USVI-etc),50K-
75.5250761,84400.6615,15028.43701,1172.453174,65.652032,9.9608097, State-gov, 11th, Married-AF-spouse, Prof-specialty, Not-in-family, Black, Female, Mexico,50K-
25.8271764,372401.3662,12681.354066,777.247808,43.573986,6.3913255, Local-gov, HS-grad, Separated, Craft-repair, Unmarried, White, Male, Canada,50K-
65.4868775,34666.0808,18958.844304,1030.1849,8.122727,10.2416376, Without-pay, Masters, Married-AF-spouse, ?, Not-in-family, Amer-Indian-Eskimo, Female, Vietnam,50K-
67.7226904,187023.851,3655.996026,743.642561,74.276362,11.1943577, Private, 10th, Never-married, Farming-fishing, Not-in-family, Asian-Pac-Islander, Male, Philippines,50K-
68.8051868,147662.3946,15349.404793,66.571942,60.304826,6.379478, ?, Some-college, Never-married, Other-service, Own-child, Other, Male, Portugal,50K-
5.2880768,6862.8139,12246.943562,973.886485,60.014327,12.6894398, State-gov, 12th, Divorced, Machine-op-inspct, Not-in-family, Asian-Pac-Islander, Female, Cuba,50K-
1.4465684,3154.7483,9.400723,1.399308,5.630023,7.1921162, State-gov, HS-grad, Married-civ-spouse, Exec-managerial, Not-in-family, Black, Female, Philippines,50K-
1.4465684,3154.7483,9.400723,964.332003,60.689557,9.7797448, Self-emp-inc, Assoc-voc, Never-married, Handlers-cleaners, Other-relative, Asian-Pac-Islander, Male, Dominican-Republic,50K-
76.4543129,422806.107,18183.515658,748.453089,26.718422,7.6010756, Local-gov, Assoc-acdm, Married-civ-spouse, Machine-op-inspct, Own-child, Other, Male, Guatemala,50K-
23.112036,273941.4522,5065.933459,811.081931,52.820625,17.5036092, Self-emp-not-inc, HS-grad, Divorced, Farming-fishing, Wife, Amer-Indian-Eskimo, Male, Haiti,50K-
52.0141944,381626.8011,20218.47093,970.760619,53.208576,7.2588328, State-gov, Doctorate, Widowed, Other-service, Wife, Amer-Indian-Eskimo, Male, Cuba,50K-
63.6659079,450954.328,11707.14662,679.181253,31.337308,11.9069304, State-gov, Masters, Married-spouse-absent, Craft-repair, Not-in-family, Amer-Indian-Eskimo, Male, Vietnam,50K-
1.4465684,3154.7483,9.400723,839.752019,54.983321,3.6610546, ?, 12th, Divorced, Other-service, Wife, Black, Female, Outlying-US(Guam-USVI-etc),50K-
1.4465684,338314.0749,9.400723,1.399308,43.993852,14.7605006, Self-emp-inc, 11th, Married-civ-spouse, Machine-op-inspct, Wife, Asian-Pac-Islander, Female, France,50K-
66.1504464,16680.9354,18376.822032,1186.451084,58.203957,5.2220523, Self-emp-inc, 7th-8th, Separated, Machine-op-inspct, Unmarried, Amer-Indian-Eskimo, Female, Yugoslavia,50K-
62.4358446,199122.6367,681.732703,148.915529,71.65922,10.6030433, ?, 11th, Married-civ-spouse, Machine-op-inspct, Other-relative, White, Female, England,50K-
1.4465684,3154.7483,9.400723,1.399308,5.630023,8.8178066, Federal-gov, Assoc-voc, Married-civ-spouse, Other-service, Wife, Other, Male, Puerto-Rico,50K-
37.6276988,369030.9578,3181.120904,1229.567054,43.37361,9.6057587, ?, Doctorate, Married-civ-spouse, Farming-fishing, Other-relative, Other, Male, China,50K-
26.5063941,102591.8386,1145.490435,828.761159,48.490199,15.5671891, Federal-gov, 9th, Never-married, Craft-repair, Other-relative, Black, Female, Puerto-Rico,50K-
22.1091196,62813.0303,10791.86142,754.733867,52.075076,11.9477633, Local-gov, Masters, Married-spouse-absent, Adm-clerical, Not-in-family, Amer-Indian-Eskimo, Male, Puerto-Rico,50K-
42.2765537,341915.2077,2009.856406,286.943463,66.002481,17.6521374, Local-gov, Masters, Widowed, Farming-fishing, Wife, Other, Male, Dominican-Republic,50K-
57.7780195,239995.4134,2856.279792,1080.519939,55.087083,7.9735307, State-gov, HS-grad, Married-AF-spouse, Tech-support, Other-relative, Black, Male, Peru,50K-
38.1707498,370488.4112,15191.820849,585.284922,74.483931,15.4053089, Federal-gov, Assoc-acdm, Never-married, Machine-op-inspct, Other-relative, Asian-Pac-Islander, Male, Outlying-US(Guam-USVI-etc),50K-
15.7964809,13725.9004,9.400723,1.399308,5.630023,11.84894, Local-gov, 1st-4th, Divorced, Handlers-cleaners, Husband, Amer-Indian-Eskimo, Female, Guatemala,50K-
36.6318132,3154.7483,4205.655943,1.399308,51.779327,13.1795054, Private, Prof-school, Married-AF-spouse, Transport-moving, Husband, White, Female, Jamaica,50K-
57.525891,33766.238,2137.089397,1063.640847,13.541192,13.6279463, Local-gov, HS-grad, Married-spouse-absent, Adm-clerical, Unmarried, White, Female, Jamaica,50K-
16.6210446,256201.3537,8849.53371,54.561225,36.837782,12.3641404, State-gov, Bachelors, Divorced, Protective-serv, Wife, Other, Female, Mexico,50K-
61.4903522,200351.4916,2664.34635,281.638608,65.64363,11.6661481, Without-pay, Assoc-acdm, Married-civ-spouse, Prof-specialty, Other-relative, Amer-Indian-Eskimo, Male, Philippines,50K-
52.8900597,263425.1472,9799.252611,71.366511,55.132605,9.7033678, Private, Doctorate, Married-AF-spouse, Tech-support, Not-in-family, Black, Female, Germany,50K-
24.6620594,237308.0979,2432.283176,407.130125,26.279516,10.3908163, Private, 7th-8th, Separated, Craft-repair, Wife, Asian-Pac-Islander, Female, Vietnam,50K-
54.0835292,356481.6796,9.400723,938.642763,64.578693,10.6443372, Private, Some-college, Married-civ-spouse, Exec-managerial, Husband, Asian-Pac-Islander, Female, Canada,50K-
24.0568146,487468.356,9.400723,1216.635477,24.826156,15.6190404, State-gov, 7th-8th, Never-married, Other-service, Wife, Black, Female, Haiti,50K-
1.4465684,3154.7483,9.400723,1.399308,5.630023,3.6610546, ?, 10th, Widowed, Exec-managerial, Not-in-family, Amer-Indian-Eskimo, Male, Peru,50K-
64.4191426,72868.3955,17675.027261,463.938772,7.568474,10.5764225, Federal-gov, 11th, Divorced, Exec-managerial, Own-child, White, Male, India,50K-
56.0381986,468006.7248,3487.646091,1088.950608,68.481339,9.6662023, ?, Assoc-voc, Married-civ-spouse, Prof-specialty, Own-child, Other, Male, Trinadad&Tobago,50K-
1.4465684,3154.7483,9.400723,1.399308,5.630023,3.6610546, Private, 7th-8th, Married-AF-spouse, Transport-moving, Unmarried, Black, Female, Haiti,50K-
61.4613213,377735.067,4059.580802,197.540541,20.994493,4.854099, Self-emp-inc, Bachelors, Widowed, Farming-fishing, Unmarried, Amer-Indian-Eskimo, Male, Peru,50K-
1.4465684,144509.6235,2181.190679,412.345552,5.630023,13.0808898, Private, Some-college, Married-AF-spouse, Sales, Unmarried, White, Male, Dominican-Republic,50K-
37.274651,253149.3292,17831.631309,613.691948,12.374313,11.2495794, ?, 12th, Married-spouse-absent, Machine-op-inspct, Husband, White, Female, Yugoslavia,50K-
1.4465684,3154.7483,9.400723,1.399308,5.630023,14.2088417, Private, Masters, Married-civ-spouse, Other-service, Not-in-family, Asian-Pac-Islander, Female, Jamaica,50K-
19.0778611,176920.9306,19100.066184,1257.721438,53.481673,13.3721846, Self-emp-not-inc, Assoc-acdm, Separated, ?, Other-relative, Amer-Indian-Eskimo, Female, El-Salvador,50K-
1.4465684,19845.475,10973.107282,1.399308,24.018384,12.0286064, Self-emp-inc, 9th, Separated, Other-service, Not-in-family, Amer-Indian-Eskimo, Female, Guatemala,50K-
28.0929815,327612.4293,6930.657102,79.094621,23.63093,12.964296, ?, 5th-6th, Separated, Machine-op-inspct, Not-in-family, White, Female, United-States,50K-
27.708031,3154.7483,7924.714812,1236.636012,39.349388,9.9128794, Self-emp-inc, Prof-school, Widowed, Tech-support, Wife, Other, Female, Vietnam,50K-
8.0912768,123321.1357,2539.18099,874.297768,31.372858,17.0321113, Private, Assoc-acdm, Married-AF-spouse, Craft-repair, Not-in-family, Black, Male, Germany,50K-
18.7520557,274257.4198,15659.80749,740.481435,69.505156,11.108544, Local-gov, HS-grad, Divorced, Exec-managerial, Husband, White, Male, Taiwan,50K-
10.6892302,346924.9002,6702.056517,195.100662,12.177608,9.4132136, Private, 1st-4th, Married-AF-spouse, Transport-moving, Husband, Asian-Pac-Islander, Female, Philippines,50K-
31.9262047,236751.5669,1131.000906,1008.772199,58.779355,6.4323119, State-gov, 5th-6th, Married-civ-spouse, Farming-fishing, Unmarried, White, Female, Peru,50K-
48.5442393,446176.7389,4408.384507,824.045922,31.747429,14.2733355, Self-emp-not-inc, Doctorate, Widowed, Other-service, Husband, White, Male, ?,50K-
1.4465684,80390.7485,9.400723,1.399308,11.359205,10.2723343, Local-gov, Some-college, Divorced, Craft-repair, Unmarried, Other, Male, Outlying-US(Guam-USVI-etc),50K-
1.4465684,55935.6223,3179.946606,1.399308,20.319336,8.561003, Local-gov, Bachelors, Married-civ-spouse, ?, Other-relative, Amer-Indian-Eskimo, Male, England,50K-
1.4465684,3154.7483,9.400723,1.399308,5.630023,11.6651215, Private, Doctorate, Divorced, Transport-moving, Wife, White, Male, Yugoslavia,50K-
32.5506868,163553.4402,9.400723,49.903348,60.438163,3.6610546, Without-pay, Prof-school, Widowed, Craft-repair, Unmarried, Amer-Indian-Eskimo, Female, Vietnam,50K-
1.4465684,3154.7483,9.400723,1.399308,5.630023,3.6610546, ?, 7th-8th, Married-civ-spouse, Prof-specialty, Not-in-family, Asian-Pac-Islander, Male, Cuba,50K-
1.4465684,3154.7483,9.400723,1.399308,5.630023,3.6610546, Private, 10th, Never-married, Protective-serv, Own-child, Asian-Pac-Islander, Male, Dominican-Republic,50K-
17.0509768,404250.8862,17409.346903,1.399308,57.70593,7.690618, Without-pay, HS-grad, Widowed, Handlers-cleaners, Own-child, Black, Male, China,50K-
1.4465684,3154.7483,6383.943846,1.399308,60.851921,3.6610546, Local-gov, 7th-8th, Divorced, Adm-clerical, Not-in-family, Other, Male, Haiti,50K-
29.3384979,270514.7928,20135.883716,925.80194,14.974014,12.9457043, ?, 12th, Married-AF-spouse, Sales, Unmarried, White, Female, Canada,50K-
10.3916346,105855.4522,9.400723,628.232641,23.598122,6.6296648, Private, 10th, Separated, Machine-op-inspct, Other-relative, Other, Female, Trinadad&Tobago,50K-
1.4465684,348676.7374,9.400723,459.169708,14.796517,3.6610546, Local-gov, 12th, Married-AF-spouse, Sales, Husband, Black, Female, Mexico,50K-
55.3989126,485435.2784,2675.316888,676.786823,8.567053,14.0183426, State-gov, Bachelors, Widowed, Handlers-cleaners, Wife, Black, Male, ?,50K-
37.400756,156407.547,2234.578854,51.309369,34.075487,10.5904771, Without-pay, 11th, Married-spouse-absent, Protective-serv, Unmarried, Black, Female, Mexico,50K-
1.4465684,3154.7483,9.400723,1.399308,5.630023,12.7387992, Private, 10th, Divorced, Machine-op-inspct, Unmarried, White, Male, Outlying-US(Guam-USVI-etc),50K-
15.4503236,121799.7903,1270.537899,767.315355,36.706574,9.9170755, ?, Prof-school, Married-civ-spouse, Prof-specialty, Own-child, White, Male, Canada,50K-
44.5002536,498749.397,13925.291484,603.013199,73.285877,10.2318402, Federal-gov, Prof-school, Never-married, Other-service, Other-relative, Asian-Pac-Islander, Male, Cuba,50K-
64.4739288,141098.3399,4068.785837,430.728947,35.110607,15.7639363, State-gov, Bachelors, Widowed, Machine-op-inspct, Husband, Asian-Pac-Islander, Female, Trinadad&Tobago,50K-
5.2588762,65615.9441,9.400723,535.556692,13.790768,10.8948588, Private, 5th-6th, Married-spouse-absent, Transport-moving, Husband, White, Male, Haiti,50K-
1.4465684,3154.7483,9.400723,1.399308,26.744397,3.6610546, Self-emp-not-inc, 9th, Married-civ-spouse, Other-service, Husband, Other, Male, Peru,50K-
1.4465684,3154.7483,9.400723,1.399308,5.630023,16.8928851, Without-pay, Bachelors, Divorced, Sales, Husband, Other, Male, Puerto-Rico,50K-
66.4462798,339975.6435,8337.271204,1209.447591,10.939879,9.8762577, State-gov, 7th-8th, Divorced, Protective-serv, Not-in-family, Other, Female, Haiti,50K-
66.4287354,483591.5318,4161.213046,732.64883,28.011857,7.5336432, Private, Doctorate, Widowed, Tech-support, Wife, Amer-Indian-Eskimo, Male, Taiwan,50K-
45.2635961,348234.14,11373.15107,107.009393,28.713574,9.0012444, Local-gov, 12th, Divorced, Handlers-cleaners, Wife, Black, Female, Portugal,50K-
25.6155198,436495.1733,20806.59624,877.81538,26.869971,11.3081701, Private, Assoc-acdm, Never-married, Protective-serv, Husband, White, Female, Vietnam,50K-
1.4465684,3154.7483,9.400723,1.399308,5.630023,11.3362879, Self-emp-inc, 5th-6th, Married-civ-spouse, Machine-op-inspct, Own-child, Asian-Pac-Islander, Female, Mexico,50K-
11.5344461,445154.5502,8581.099465,288.445538,5.630023,9.1553275, Without-pay, Bachelors, Widowed, Other-service, Other-relative, Black, Female, India,50K-
1.9645344,270415.3086,9.400723,849.721875,43.593245,8.5805105, ?, 11th, Married-spouse-absent, Other-service, Not-in-family, White, Female, Puerto-Rico,50K-
29.1519064,406663.7188,3362.451834,850.752757,44.269207,11.4589168, Federal-gov, HS-grad, Married-spouse-absent, Farming-fishing, Wife, Black, Female, Guatemala,50K-
22.0090229,184820.2996,9.400723,547.627531,29.604435,9.438669, Private, Bachelors, Divorced, Adm-clerical, Unmarried, Amer-Indian-Eskimo, Male, Canada,50K-
25.3671083,3154.7483,15120.320683,889.917531,44.439699,4.9579838, State-gov, 7th-8th, Widowed, Exec-managerial, Unmarried, Amer-Indian-Eskimo, Male, Portugal,50K-
24.4978385,389487.2228,9.400723,1.399308,58.078041,12.0986563, Local-gov, Some-college, Separated, ?, Unmarried, Amer-Indian-Eskimo, Female, ?,50K-
1.4465684,3154.7483,9.400723,1.399308,5.630023,3.6610546, Private, Assoc-voc, Widowed, Prof-specialty, Not-in-family, Amer-Indian-Eskimo, Female, United-States,50K-
72.9751793,226152.8659,2219.228582,929.276035,42.204523,12.6078964, Local-gov, Assoc-acdm, Married-spouse-absent, Handlers-cleaners, Wife, Asian-Pac-Islander, Female, Outlying-US(Guam-USVI-etc),50K-
33.1688257,257253.5105,19648.929185,734.764472,38.422629,8.8183721, ?, Prof-school, Widowed, Handlers-cleaners, Other-relative, White, Female, Cuba,50K-
51.5429425,509197.6711,2902.079778,490.603871,44.537944,17.3347654, Private, 5th-6th, Widowed, Handlers-cleaners, Husband, Asian-Pac-Islander, Female, Philippines,50K-
65.4525306,407037.976,5555.593232,1250.754731,45.910994,12.3471056, Without-pay, 12th, Separated, Farming-fishing, Wife, Asian-Pac-Islander, Male, India,50K-
43.6040877,149055.0281,13282.464148,1168.544645,23.521886,10.9396771, Private, 10th, Married-AF-spouse, Adm-clerical, Own-child, Amer-Indian-Eskimo, Male, Peru,50K-
12.0164544,282726.0913,15236.384854,51.732876,31.618721,6.8092637, State-gov, Some-college, Married-civ-spouse, Adm-clerical, Own-child, White, Male, Guatemala,50K-
63.0766342,202365.5337,6112.134822,390.274279,46.082843,9.1346851, Federal-gov, Some-college, Widowed, Transport-moving, Husband, Black, Female, Vietnam,50K-
38.8454688,301611.6967,5455.149199,213.844695,75.056439,12.224746, Without-pay, 11th, Married-civ-spouse, Craft-repair, Unmarried, Amer-Indian-Eskimo, Female, China,50K-
20.3733418,191205.659,3182.307347,332.734128,40.299476,9.0857344, ?, Masters, Divorced, Sales, Other-relative, Other, Male, Philippines,50K-
11.0555452,20817.3832,802.054464,446.220952,11.839314,13.160746, Private, 1st-4th, Divorced, Handlers-cleaners, Wife, Black, Male, Italy,50K-
23.4315347,150864.3535,18081.036801,149.711226,29.222901,11.9125592, Local-gov, 11th, Never-married, Craft-repair, Unmarried, Black, Female, China,50K-
35.9302953,354227.8174,13244.557562,850.526561,12.889379,17.0634905, Self-emp-not-inc, 5th-6th, Never-married, Other-service, Own-child, Amer-Indian-Eskimo, Male, Italy,50K-
36.2758781,326414.7926,364.519468,786.795033,52.74586,15.3661919, ?, 9th, Married-spouse-absent, Farming-fishing, Husband, Asian-Pac-Islander, Male, Haiti,50K-
1.4465684,405926.9245,5830.85207,1036.996163,5.630023,7.9166656, Federal-gov, 10th, Married-civ-spouse, Handlers-cleaners, Husband, Other, Male, ?,50K-
1.4465684,3154.7483,9.400723,486.48799,65.812473,10.4376662, Self-emp-not-inc, 12th, Separated, Handlers-cleaners, Other-relative, Black, Male, Guatemala,50K-
65.0444967,90920.1704,5996.797382,1118.334039,69.265049,6.7403235, Without-pay, HS-grad, Widowed, Other-service, Wife, Black, Male, Philippines,50K-
61.8525035,92118.2906,19718.343365,1119.597864,30.498839,8.7844829, Self-emp-inc, HS-grad, Divorced, Tech-support, Other-relative, Black, Male, ?,50K-
26.3849019,478963.9854,2972.748859,393.184812,5.630023,16.2655159, ?, 9th, Never-married, Transport-moving, Husband, Black, Male, Puerto-Rico,50K-
33.1147836,3154.7483,17631.009115,600.336423,51.038163,13.2602116, Self-emp-not-inc, 7th-8th, Widowed, Handlers-cleaners, Wife, White, Male, ?,50K+
39.0266313,231692.2581,14849.849495,126.420076,46.617488,5.0307472, Self-emp-not-inc, Bachelors, Separated, Other-service, Husband, Amer-Indian-Eskimo, Male, Puerto-Rico,50K+
55.1344638,194698.9149,8389.077629,622.584511,25.202365,13.0521959, Self-emp-not-inc, 1st-4th, Married-spouse-absent, Farming-fishing, Unmarried, Other, Female, Germany,50K+
45.9816855,416812.0223,8260.837432,232.480844,21.720285,8.0026463, Private, Doctorate, Married-AF-spouse, Craft-repair, Other-relative, Asian-Pac-Islander, Male, Cuba,50K+
11.4079029,444356.879,17312.499351,1190.171692,44.530506,16.1651287, ?, Some-college, Married-civ-spouse, Transport-moving, Wife, Other, Male, Germany,50K+
45.7965363,249640.4094,8673.481707,47.68003,10.15713,10.9865137, Private, 1st-4th, Widowed, Machine-op-inspct, Husband, Asian-Pac-Islander, Female, Dominican-Republic,50K+
10.1317169,62791.7275,11656.696293,550.29236,13.984084,11.5884789, Without-pay, Doctorate, Married-civ-spouse, Protective-serv, Wife, Black, Male, Outlying-US(Guam-USVI-etc),50K+
32.8069986,379009.1286,19949.619097,401.890286,72.108731,11.8699928, Self-emp-inc, Prof-school, Married-AF-spouse, Machine-op-inspct, Own-child, White, Male, Puerto-Rico,50K+
76.7619182,31237.0424,11884.417495,295.49881,60.40351,13.511623, Private, 12th, Married-civ-spouse, Other-service, Wife, Black, Male, Puerto-Rico,50K+
74.0946621,491583.178,10943.312005,612.041841,15.273704,11.2460072, State-gov, Doctorate, Married-spouse-absent, Other-service, Husband, Asian-Pac-Islander, Male, Cuba,50K+
1.4465684,101284.4424,8913.394445,832.091541,42.190353,13.5564304, Federal-gov, 7th-8th, Married-civ-spouse, Transport-moving, Unmarried, Black, Male, Mexico,50K+
4.2016124,178728.8413,10481.256126,705.153407,27.312529,8.629255, Self-emp-inc, Doctorate, Married-civ-spouse, Prof-specialty, Wife, Amer-Indian-Eskimo, Female, Outlying-US(Guam-USVI-etc),50K+
1.4465684,3154.7483,16752.675474,1.399308,5.630023,16.514295, Self-emp-inc, 12th, Separated, Adm-clerical, Wife, Black, Female, France,50K+
1.4465684,3154.7483,11687.026327,335.975014,5.630023,12.8901357, ?, 5th-6th, Married-civ-spouse, Tech-support, Unmarried, Other, Female, Puerto-Rico,50K+
1.9106243,386354.2057,13127.837781,1176.379324,52.916022,9.204901, Without-pay, Prof-school, Married-AF-spouse, Sales, Husband, Black, Female, Vietnam,50K+
4.683795,408507.4657,13140.081123,817.135874,13.937304,13.403205, Local-gov, HS-grad, Married-civ-spouse, Transport-moving, Other-relative, White, Female, Outlying-US(Guam-USVI-etc),50K+
72.4972603,309413.7431,7358.932605,1282.779275,33.390005,12.9773705, Private, Assoc-acdm, Married-spouse-absent, Sales, Wife, White, Male, Dominican-Republic,50K+
38.4050379,331424.6162,8704.610815,1035.99672,43.054912,12.8547289, Self-emp-inc, Prof-school, Widowed, Protective-serv, Own-child, Other, Female, Portugal,50K+
54.309983,255151.132,9939.916378,925.000201,55.408455,9.6303591, Local-gov, Doctorate, Married-civ-spouse, ?, Own-child, White, Female, India,50K+
31.4766733,365738.0425,11534.678668,185.517936,15.839262,12.9681046, Local-gov, Assoc-voc, Separated, Sales, Wife, Amer-Indian-Eskimo, Male, Haiti,50K+
26.3048991,220406.2825,14683.560481,445.983589,13.214968,11.7673825, Self-emp-not-inc, Bachelors, Married-civ-spouse, Tech-support, Wife, Black, Female, Jamaica,50K+
30.871851,292761.0602,19137.667191,145.418291,14.392446,13.7089575, Private, Bachelors, Divorced, Farming-fishing, Not-in-family, Black, Male, Canada,50K+
1.4465684,143060.1973,11754.314824,114.136158,42.794252,14.208991, Self-emp-not-inc, HS-grad, Married-AF-spouse, Exec-managerial, Other-relative, Asian-Pac-Islander, Male, China,50K+
44.5500205,314800.1591,11891.493873,1.399308,6.568143,3.6610546, Federal-gov, Bachelors, Married-civ-spouse, Handlers-cleaners, Other-relative, Amer-Indian-Eskimo, Male, Vietnam,50K+
36.6963341,409725.7853,20718.444734,1050.933052,23.480094,16.2031372, Self-emp-not-inc, Assoc-acdm, Married-spouse-absent, Prof-specialty, Own-child, Asian-Pac-Islander, Female, France,50K+
66.2350835,404652.8251,11379.406113,638.48009,15.574588,11.43286, State-gov, Masters, Married-civ-spouse, Tech-support, Husband, Other, Female, Cuba,50K+
1.4465684,133452.2552,8129.046709,1.399308,5.630023,13.2176654, Self-emp-inc, 5th-6th, Married-AF-spouse, Transport-moving, Unmarried, White, Female, Taiwan,50K+
41.6964032,3154.7483,17304.083483,1192.801687,65.930295,13.3618015, Self-emp-not-inc, Prof-school, Divorced, Sales, Unmarried, Amer-Indian-Eskimo, Female, Canada,50K+
23.962213,3154.7483,15261.538935,1.399308,5.630023,12.6576544, Self-emp-inc, Doctorate, Married-civ-spouse, Farming-fishing, Other-relative, White, Male, Italy,50K+
68.8102423,333084.9412,17647.047796,438.340338,34.794488,16.9964207, Without-pay, HS-grad, Never-married, Handlers-cleaners, Husband, Asian-Pac-Islander, Male, Yugoslavia,50K+
30.2312885,195299.2643,16992.67423,33.721244,76.237238,7.6664077, Without-pay, Some-college, Widowed, Adm-clerical, Husband, Black, Male, Yugoslavia,50K+
30.2126441,116876.0997,8539.60436,95.983851,71.239022,14.0357341, State-gov, 11th, Widowed, Exec-managerial, Own-child, White, Male, Outlying-US(Guam-USVI-etc),50K+
23.463739,316042.1553,11349.695296,178.142763,57.666053,12.1531916, Federal-gov, Prof-school, Married-civ-spouse, Prof-specialty, Own-child, White, Female, Trinadad&Tobago,50K+
1.4465684,244250.9097,11172.720051,220.838244,41.175191,13.1565142, Federal-gov, 12th, Married-civ-spouse, Protective-serv, Own-child, Amer-Indian-Eskimo, Male, China,50K+
68.7546965,345218.1839,10377.796244,512.304928,75.590351,15.4099307, Federal-gov, Doctorate, Divorced, Tech-support, Wife, Amer-Indian-Eskimo, Male, Dominican-Republic,50K+
22.0557349,104686.4129,18406.643802,619.052429,60.642358,7.7619629, Private, Doctorate, Married-civ-spouse, Transport-moving, Not-in-family, White, Female, Italy,50K+
9.3835247,285687.7562,16269.636977,1073.557784,60.957623,12.8877689, Federal-gov, Bachelors, Married-civ-spouse, Adm-clerical, Own-child, Other, Female, El-Salvador,50K+
12.4985594,422132.6319,6716.561896,712.597983,65.917996,14.3205652, ?, 1st-4th, Married-civ-spouse, ?, Other-relative, Other, Male, Cuba,50K+
62.7015218,179733.1833,15852.715672,396.726021,32.017648,6.6886155, Self-emp-inc, 9th, Separated, Other-service, Husband, Amer-Indian-Eskimo, Male, England,50K+
38.5872847,428096.0384,9255.511814,1009.848545,47.24059,13.9709336, Self-emp-not-inc, Prof-school, Separated, Prof-specialty, Own-child, Amer-Indian-Eskimo, Female, Yugoslavia,50K+
36.9553021,344558.2864,12175.263331,272.00617,69.120028,8.7875464, Self-emp-inc, 9th, Widowed, Transport-moving, Husband, Asian-Pac-Islander, Male, France,50K+
45.1032991,440648.4891,9287.81479,204.063866,41.348123,15.6009135, ?, Doctorate, Widowed, Craft-repair, Not-in-family, Other, Male, Yugoslavia,50K+
9.5422493,387135.9736,12994.09382,818.916938,37.970061,15.0527603, Private, Doctorate, Married-AF-spouse, Other-service, Not-in-family, Black, Male, Cuba,50K+
70.3042256,232552.1287,12962.453706,284.741082,47.247468,15.8258252, Private, 10th, Married-civ-spouse, Adm-clerical, Other-relative, White, Female, Dominican-Republic,50K+
41.068928,49448.8775,10313.003565,1.399308,5.630023,8.8344764, Federal-gov, Masters, Widowed, Sales, Husband, Amer-Indian-Eskimo, Female, India,50K+
53.8138294,362983.405,8416.061854,118.795887,14.15353,13.354137, Federal-gov, Masters, Separated, Adm-clerical, Not-in-family, Amer-Indian-Eskimo, Female, Germany,50K+
16.5685665,249686.9321,17329.188694,849.596715,63.423129,9.0041897, State-gov, Doctorate, Married-spouse-absent, Prof-specialty, Husband, White, Male, ?,50K+
68.2152534,190504.5601,17270.841257,828.391811,39.45853,9.4793849, Local-gov, Doctorate, Divorced, Handlers-cleaners, Husband, Amer-Indian-Eskimo, Male, Germany,50K+
58.4682488,52454.7555,16154.248645,1110.448851,30.85308,3.8497996, Without-pay, Bachelors, Married-civ-spouse, Farming-fishing, Unmarried, Asian-Pac-Islander, Female, United-States,50K+
63.8409674,428436.0189,18542.726757,842.587919,68.769403,3.8353466, Federal-gov, Bachelors, Married-civ-spouse, ?, Husband, Other, Female, Philippines,50K+
42.837913,93090.5077,17062.313212,380.131163,16.115512,17.2900338, Self-emp-inc, 7th-8th, Married-civ-spouse, Protective-serv, Husband, Asian-Pac-Islander, Female, China,50K+
71.0228226,6430.3216,14746.997152,632.321892,48.8882,7.9829027, Federal-gov, 1st-4th, Married-civ-spouse, Farming-fishing, Own-child, White, Female, Trinadad&Tobago,50K+
6.1036325,3154.7483,8906.122885,278.238418,5.630023,6.8593429, Self-emp-inc, Masters, Married-civ-spouse, Craft-repair, Husband, Amer-Indian-Eskimo, Female, Puerto-Rico,50K+
56.3598932,53583.2985,15741.806928,566.513836,47.809781,6.8985925, State-gov, Masters, Widowed, Farming-fishing, Wife, Other, Male, Peru,50K+
44.9036039,160446.6721,19376.719415,590.982704,19.558841,8.2746068, ?, HS-grad, Married-civ-spouse, ?, Other-relative, Amer-Indian-Eskimo, Female, Taiwan,50K+
66.2414315,338132.4868,20666.46885,782.976472,69.543181,13.0366545, Self-emp-not-inc, Doctorate, Widowed, Sales, Unmarried, Amer-Indian-Eskimo, Male, United-States,50K+
68.9583313,217679.4337,12645.781373,116.506868,74.073342,12.834924, Self-emp-not-inc, Doctorate, Never-married, Machine-op-inspct, Not-in-family, White, Female, ?,50K+
66.2986465,451125.0617,9953.101889,958.144831,72.466759,13.514771, Private, Prof-school, Never-married, Protective-serv, Husband, White, Male, France,50K+
36.5277847,422839.8899,11956.224561,800.83459,68.665973,10.00405, Without-pay, HS-grad, Married-civ-spouse, Handlers-cleaners, Wife, White, Male, China,50K+
47.4841472,116739.2487,7214.479984,426.252218,7.558218,13.6183792, Federal-gov, 7th-8th, Married-spouse-absent, ?, Wife, Amer-Indian-Eskimo, Male, Cuba,50K+
64.5536878,469126.6609,18954.047545,662.212877,31.316898,7.7880209, Private, 9th, Widowed, Prof-specialty, Husband, Other, Male, Portugal,50K+
38.9561859,380954.2348,12030.691965,503.636689,67.301861,10.3081559, Private, Some-college, Married-civ-spouse, Machine-op-inspct, Own-child, Black, Female, Germany,50K+
62.3188894,154457.3304,16119.348693,573.550415,51.529727,11.0448227, Self-emp-inc, Doctorate, Married-spouse-absent, Adm-clerical, Other-relative, Asian-Pac-Islander, Female, Portugal,50K+
37.4623676,212360.7765,19744.441979,1132.393337,60.801061,8.0666192, Federal-gov, Masters, Married-spouse-absent, Prof-specialty, Husband, White, Male, El-Salvador,50K+
8.6239209,296460.1964,15073.18367,850.29054,60.480772,11.3793463, Private, Bachelors, Married-civ-spouse, Exec-managerial, Own-child, White, Female, Haiti,50K+
47.0008288,427499.4744,19439.340071,768.38542,63.758473,6.9831715, Self-emp-inc, Some-college, Separated, Exec-managerial, Husband, White, Male, Outlying-US(Guam-USVI-etc),50K+
39.3561224,3154.7483,5574.125438,1.399308,73.200238,7.574513, State-gov, Assoc-voc, Married-civ-spouse, Handlers-cleaners, Husband, Black, Male, Peru,50K+
28.8403236,194942.816,18374.399571,431.243251,47.103841,12.9985259, Self-emp-not-inc, Assoc-voc, Married-civ-spouse, Sales, Not-in-family, Black, Female, China,50K+
75.8727888,113242.4614,9309.8837,775.653075,19.207585,14.7520519, Self-emp-not-inc, 11th, Separated, Tech-support, Unmarried, Other, Male, China,50K+
43.1774262,377287.5031,15571.224136,412.755657,48.38604,11.3532693, State-gov, 12th, Married-spouse-absent, Prof-specialty, Other-relative, Black, Female, China,50K+
28.6397385,171738.392,10675.893219,107.96137,5.630023,4.9208465, Self-emp-inc, Some-college, Married-civ-spouse, Craft-repair, Not-in-family, Amer-Indian-Eskimo, Male, India,50K+
44.5405259,450878.5521,5642.468746,1231.712487,9.516643,13.8561011, Local-gov, Assoc-acdm, Widowed, Transport-moving, Husband, Amer-Indian-Eskimo, Male, Vietnam,50K+
58.5025274,432317.2143,11724.344242,92.073699,31.85879,11.397615, State-gov, Assoc-voc, Married-AF-spouse, Prof-specialty, Other-relative, White, Male, Italy,50K+
76.3218251,105292.0556,11998.325817,111.940724,53.497796,10.8975631, Self-emp-not-inc, Masters, Widowed, Adm-clerical, Other-relative, Other, Male, Italy,50K+
38.3938223,262804.5915,10245.438154,495.563895,43.02327,12.9793025, ?, 11th, Married-AF-spouse, Adm-clerical, Other-relative, Amer-Indian-Eskimo, Male, India,50K+
62.1235267,448947.5956,17528.804151,858.479937,51.995208,8.7622636, ?, 7th-8th, Widowed, Exec-managerial, Husband, Amer-Indian-Eskimo, Female, China,50K+
65.3321745,378053.015,15687.60408,1085.732812,47.487031,10.0727984, Without-pay, 12th, Married-spouse-absent, Handlers-cleaners, Wife, Other, Male, France,50K+
58.5919523,468046.6823,16461.798392,136.516795,25.9748,6.5732319, Federal-gov, Some-college, Married-AF-spouse, Prof-specialty, Wife, White, Female, Jamaica,50K+
45.7843471,181135.0601,16025.112058,744.337606,54.964446,13.361459, Federal-gov, 12th, Married-AF-spouse, Machine-op-inspct, Husband, Black, Female, United-States,50K+
76.2471454,103990.5647,14723.207583,916.752238,62.853891,10.9309714, Federal-gov, Prof-school, Married-AF-spouse, Machine-op-inspct, Not-in-family, Other, Male, Haiti,50K+
24.9839627,292396.2211,15337.656485,573.060983,59.244574,9.9422173, Without-pay, 1st-4th, Married-civ-spouse, Machine-op-inspct, Unmarried, Black, Female, Guatemala,50K+
46.040984,200115.5125,12795.509839,1140.76734,45.853033,9.5644787, Without-pay, Masters, Never-married, Craft-repair, Husband, Other, Female, Jamaica,50K+
65.32966,338729.2358,13238.79741,1264.53525,8.289353,13.6212035, Self-emp-inc, 5th-6th, Married-spouse-absent, Other-service, Other-relative, Amer-Indian-Eskimo, Male, United-States,50K+
1.4465684,3154.7483,15437.531902,1.399308,5.630023,12.8543291, Private, Doctorate, Married-civ-spouse, Handlers-cleaners, Husband, White, Female, England,50K+
66.3550324,120252.4561,14632.110993,1217.694452,7.692842,7.6447254, State-gov, 10th, Married-civ-spouse, Farming-fishing, Not-in-family, Other, Male, India,50K+
56.6801797,85520.8867,12341.396772,96.161435,68.180591,8.6965886, Federal-gov, Assoc-acdm, Married-spouse-absent, Adm-clerical, Other-relative, Other, Female, Portugal,50K+
32.5992693,105728.0096,10098.018085,864.469399,58.187469,13.0930509, Without-pay, Some-college, Married-spouse-absent, Exec-managerial, Husband, Other, Female, Dominican-Republic,50K+
51.9696411,281073.0592,17121.91107,869.375742,44.444252,3.9953751, Without-pay, Assoc-voc, Married-civ-spouse, ?, Not-in-family, White, Female, United-States,50K+
44.8217211,297376.7519,17088.944965,223.105778,59.663963,8.1138743, Local-gov, Some-college, Married-civ-spouse, Machine-op-inspct, Wife, White, Male, France,50K+
5.2788632,3154.7483,12622.65496,1.399308,5.630023,16.4861641, State-gov, 7th-8th, Married-civ-spouse, Exec-managerial, Husband, Asian-Pac-Islander, Male, Germany,50K+
43.0010159,112801.8928,10737.738431,272.959127,29.194517,10.3000593, Private, Assoc-voc, Married-spouse-absent, Craft-repair, Wife, White, Male, Trinadad&Tobago,50K+
40.5562074,397367.5797,15679.126529,985.246627,6.049514,8.2318049, Private, 9th, Married-civ-spouse, Transport-moving, Other-relative, Black, Female, Guatemala,50K+
37.8118413,204355.2244,15134.994259,142.136933,51.861238,9.9303526, Without-pay, 5th-6th, Married-civ-spouse, Transport-moving, Own-child, Asian-Pac-Islander, Female, Guatemala,50K+
65.9584726,225578.4691,12957.700971,1288.121,53.314762,14.493789, Self-emp-not-inc, Masters, Married-AF-spouse, Prof-specialty, Wife, Amer-Indian-Eskimo, Male, India,50K+
41.2858141,205762.0901,18732.471776,1209.069813,72.184466,15.0616354, ?, Assoc-voc, Never-married, Farming-fishing, Wife, Asian-Pac-Islander, Female, Yugoslavia,50K+
1.4465684,3154.7483,8905.055428,1063.410707,13.251372,3.6610546, Without-pay, Doctorate, Married-civ-spouse, Transport-moving, Husband, Amer-Indian-Eskimo, Male, Puerto-Rico,50K+
9.8408085,323445.1313,12965.540432,55.965377,8.906707,14.2320369, Private, Doctorate, Separated, Adm-clerical, Husband, Asian-Pac-Islander, Female, Italy,50K+
